{"products":[{"id":"0.8999713949961099","qnty":1}],"totalPrice":49.989999999999995}